description,file_name,modified_date,excel_url,pdf_url
AMBULANCE,PRCR416C,3/13/2026,https://public.tmhp.com/FeeSchedules/StaticFeeSchedule/FeeSchedules.aspx?fn=%5c%5ctmhp.net%5cFeeSchedule%5cPROD%5cStatic%5cTexas_Medicaid_Fee_Schedule_PRCR416C.xls,https://public.tmhp.com/FeeSchedules/StaticFeeSchedule/FeeSchedules.aspx?fn=%5c%5ctmhp.net%5cFeeSchedule%5cPROD%5cStatic%5cTexas_Medicaid_Fee_Schedule_PRCR416C.pdf
AMBULATORY SURGICAL CENTER (ASC) / HOSPITAL - BASED AMBULATORY SURGICAL CENTER (HASC),PRCR405C,3/13/2026,https://public.tmhp.com/FeeSchedules/StaticFeeSchedule/FeeSchedules.aspx?fn=%5c%5ctmhp.net%5cFeeSchedule%5cPROD%5cStatic%5cTexas_Medicaid_Fee_Schedule_PRCR405C.xls,https://public.tmhp.com/FeeSchedules/StaticFeeSchedule/FeeSchedules.aspx?fn=%5c%5ctmhp.net%5cFeeSchedule%5cPROD%5cStatic%5cTexas_Medicaid_Fee_Schedule_PRCR405C.pdf
AUDIOLOGIST,PRCR437C,3/13/2026,https://public.tmhp.com/FeeSchedules/StaticFeeSchedule/FeeSchedules.aspx?fn=%5c%5ctmhp.net%5cFeeSchedule%5cPROD%5cStatic%5cTexas_Medicaid_Fee_Schedule_PRCR437C.xls,https://public.tmhp.com/FeeSchedules/StaticFeeSchedule/FeeSchedules.aspx?fn=%5c%5ctmhp.net%5cFeeSchedule%5cPROD%5cStatic%5cTexas_Medicaid_Fee_Schedule_PRCR437C.pdf
AUTISM SERVICES,PRCR615C,3/13/2026,https://public.tmhp.com/FeeSchedules/StaticFeeSchedule/FeeSchedules.aspx?fn=%5c%5ctmhp.net%5cFeeSchedule%5cPROD%5cStatic%5cTexas_Medicaid_Fee_Schedule_PRCR615C.xls,https://public.tmhp.com/FeeSchedules/StaticFeeSchedule/FeeSchedules.aspx?fn=%5c%5ctmhp.net%5cFeeSchedule%5cPROD%5cStatic%5cTexas_Medicaid_Fee_Schedule_PRCR615C.pdf
BIRTHING CENTER,PRCR447C,3/13/2026,https://public.tmhp.com/FeeSchedules/StaticFeeSchedule/FeeSchedules.aspx?fn=%5c%5ctmhp.net%5cFeeSchedule%5cPROD%5cStatic%5cTexas_Medicaid_Fee_Schedule_PRCR447C.xls,https://public.tmhp.com/FeeSchedules/StaticFeeSchedule/FeeSchedules.aspx?fn=%5c%5ctmhp.net%5cFeeSchedule%5cPROD%5cStatic%5cTexas_Medicaid_Fee_Schedule_PRCR447C.pdf
CASE MANAGEMENT AND REHABILITATIVE SERVICES - BLIND CHILDREN'S VOCATIONAL DISCOVERY AND DEVELOPMENT PROGRAM,PRCR425C,3/13/2026,https://public.tmhp.com/FeeSchedules/StaticFeeSchedule/FeeSchedules.aspx?fn=%5c%5ctmhp.net%5cFeeSchedule%5cPROD%5cStatic%5cTexas_Medicaid_Fee_Schedule_PRCR425C.xls,https://public.tmhp.com/FeeSchedules/StaticFeeSchedule/FeeSchedules.aspx?fn=%5c%5ctmhp.net%5cFeeSchedule%5cPROD%5cStatic%5cTexas_Medicaid_Fee_Schedule_PRCR425C.pdf
CASE MANAGEMENT AND REHABILITATIVE SERVICES - CHILDREN AND PREGNANT WOMEN,PRCR424C,3/13/2026,https://public.tmhp.com/FeeSchedules/StaticFeeSchedule/FeeSchedules.aspx?fn=%5c%5ctmhp.net%5cFeeSchedule%5cPROD%5cStatic%5cTexas_Medicaid_Fee_Schedule_PRCR424C.xls,https://public.tmhp.com/FeeSchedules/StaticFeeSchedule/FeeSchedules.aspx?fn=%5c%5ctmhp.net%5cFeeSchedule%5cPROD%5cStatic%5cTexas_Medicaid_Fee_Schedule_PRCR424C.pdf
CASE MANAGEMENT AND REHABILITATIVE SERVICES - EARLY CHILD INTERVENTION,PRCR427C,3/13/2026,https://public.tmhp.com/FeeSchedules/StaticFeeSchedule/FeeSchedules.aspx?fn=%5c%5ctmhp.net%5cFeeSchedule%5cPROD%5cStatic%5cTexas_Medicaid_Fee_Schedule_PRCR427C.xls,https://public.tmhp.com/FeeSchedules/StaticFeeSchedule/FeeSchedules.aspx?fn=%5c%5ctmhp.net%5cFeeSchedule%5cPROD%5cStatic%5cTexas_Medicaid_Fee_Schedule_PRCR427C.pdf
CASE MANAGEMENT AND REHABILITATIVE SERVICES - MENTAL HEALTH,PRCR423C,3/13/2026,https://public.tmhp.com/FeeSchedules/StaticFeeSchedule/FeeSchedules.aspx?fn=%5c%5ctmhp.net%5cFeeSchedule%5cPROD%5cStatic%5cTexas_Medicaid_Fee_Schedule_PRCR423C.xls,https://public.tmhp.com/FeeSchedules/StaticFeeSchedule/FeeSchedules.aspx?fn=%5c%5ctmhp.net%5cFeeSchedule%5cPROD%5cStatic%5cTexas_Medicaid_Fee_Schedule_PRCR423C.pdf
CASE MANAGEMENT AND REHABILITATIVE SERVICES - MENTAL RETARDATION,PRCR422C,3/13/2026,https://public.tmhp.com/FeeSchedules/StaticFeeSchedule/FeeSchedules.aspx?fn=%5c%5ctmhp.net%5cFeeSchedule%5cPROD%5cStatic%5cTexas_Medicaid_Fee_Schedule_PRCR422C.xls,https://public.tmhp.com/FeeSchedules/StaticFeeSchedule/FeeSchedules.aspx?fn=%5c%5ctmhp.net%5cFeeSchedule%5cPROD%5cStatic%5cTexas_Medicaid_Fee_Schedule_PRCR422C.pdf
CERTIFIED NURSE MIDWIFE (CNM),PRCR434C,3/13/2026,https://public.tmhp.com/FeeSchedules/StaticFeeSchedule/FeeSchedules.aspx?fn=%5c%5ctmhp.net%5cFeeSchedule%5cPROD%5cStatic%5cTexas_Medicaid_Fee_Schedule_PRCR434C.xls,https://public.tmhp.com/FeeSchedules/StaticFeeSchedule/FeeSchedules.aspx?fn=%5c%5ctmhp.net%5cFeeSchedule%5cPROD%5cStatic%5cTexas_Medicaid_Fee_Schedule_PRCR434C.pdf
CERTIFIED REGISTERED NURSE ANESTHETIST (CRNA) / ANESTHESIOLOGIST ASSISTANT (AA),PRCR400C,3/13/2026,https://public.tmhp.com/FeeSchedules/StaticFeeSchedule/FeeSchedules.aspx?fn=%5c%5ctmhp.net%5cFeeSchedule%5cPROD%5cStatic%5cTexas_Medicaid_Fee_Schedule_PRCR400C.xls,https://public.tmhp.com/FeeSchedules/StaticFeeSchedule/FeeSchedules.aspx?fn=%5c%5ctmhp.net%5cFeeSchedule%5cPROD%5cStatic%5cTexas_Medicaid_Fee_Schedule_PRCR400C.pdf
CHIROPRACTOR,PRCR420C,3/13/2026,https://public.tmhp.com/FeeSchedules/StaticFeeSchedule/FeeSchedules.aspx?fn=%5c%5ctmhp.net%5cFeeSchedule%5cPROD%5cStatic%5cTexas_Medicaid_Fee_Schedule_PRCR420C.xls,https://public.tmhp.com/FeeSchedules/StaticFeeSchedule/FeeSchedules.aspx?fn=%5c%5ctmhp.net%5cFeeSchedule%5cPROD%5cStatic%5cTexas_Medicaid_Fee_Schedule_PRCR420C.pdf
CLINICAL DIAGNOSTIC LABORATORY,PRCR494I,3/13/2026,https://public.tmhp.com/FeeSchedules/StaticFeeSchedule/FeeSchedules.aspx?fn=%5c%5ctmhp.net%5cFeeSchedule%5cPROD%5cStatic%5cTexas_Medicaid_Fee_Schedule_PRCR494I.xls,https://public.tmhp.com/FeeSchedules/StaticFeeSchedule/FeeSchedules.aspx?fn=%5c%5ctmhp.net%5cFeeSchedule%5cPROD%5cStatic%5cTexas_Medicaid_Fee_Schedule_PRCR494I.pdf
CLINICAL LABORATORY,PRCR494C,3/13/2026,https://public.tmhp.com/FeeSchedules/StaticFeeSchedule/FeeSchedules.aspx?fn=%5c%5ctmhp.net%5cFeeSchedule%5cPROD%5cStatic%5cTexas_Medicaid_Fee_Schedule_PRCR494C.xls,https://public.tmhp.com/FeeSchedules/StaticFeeSchedule/FeeSchedules.aspx?fn=%5c%5ctmhp.net%5cFeeSchedule%5cPROD%5cStatic%5cTexas_Medicaid_Fee_Schedule_PRCR494C.pdf
COMPREHENSIVE CARE PROGRAM - PERSONAL CARE SERVICES,PRCR498C,3/13/2026,https://public.tmhp.com/FeeSchedules/StaticFeeSchedule/FeeSchedules.aspx?fn=%5c%5ctmhp.net%5cFeeSchedule%5cPROD%5cStatic%5cTexas_Medicaid_Fee_Schedule_PRCR498C.xls,https://public.tmhp.com/FeeSchedules/StaticFeeSchedule/FeeSchedules.aspx?fn=%5c%5ctmhp.net%5cFeeSchedule%5cPROD%5cStatic%5cTexas_Medicaid_Fee_Schedule_PRCR498C.pdf
COMPREHENSIVE CARE PROGRAM - PRIVATE DUTY NURSING,PRCR499C,3/13/2026,https://public.tmhp.com/FeeSchedules/StaticFeeSchedule/FeeSchedules.aspx?fn=%5c%5ctmhp.net%5cFeeSchedule%5cPROD%5cStatic%5cTexas_Medicaid_Fee_Schedule_PRCR499C.xls,https://public.tmhp.com/FeeSchedules/StaticFeeSchedule/FeeSchedules.aspx?fn=%5c%5ctmhp.net%5cFeeSchedule%5cPROD%5cStatic%5cTexas_Medicaid_Fee_Schedule_PRCR499C.pdf
COMPREHENSIVE OUTPATIENT REHABILITATION FACILITY (CORF) / OUTPATIENT REHABILITATION FACILITY (ORF),PRCR411C,3/13/2026,https://public.tmhp.com/FeeSchedules/StaticFeeSchedule/FeeSchedules.aspx?fn=%5c%5ctmhp.net%5cFeeSchedule%5cPROD%5cStatic%5cTexas_Medicaid_Fee_Schedule_PRCR411C.xls,https://public.tmhp.com/FeeSchedules/StaticFeeSchedule/FeeSchedules.aspx?fn=%5c%5ctmhp.net%5cFeeSchedule%5cPROD%5cStatic%5cTexas_Medicaid_Fee_Schedule_PRCR411C.pdf
DENTAL,PRCR496C,3/13/2026,https://public.tmhp.com/FeeSchedules/StaticFeeSchedule/FeeSchedules.aspx?fn=%5c%5ctmhp.net%5cFeeSchedule%5cPROD%5cStatic%5cTexas_Medicaid_Fee_Schedule_PRCR496C.xls,https://public.tmhp.com/FeeSchedules/StaticFeeSchedule/FeeSchedules.aspx?fn=%5c%5ctmhp.net%5cFeeSchedule%5cPROD%5cStatic%5cTexas_Medicaid_Fee_Schedule_PRCR496C.pdf
DENTAL (THSTEPS AND ICF/MR),PRCR407C,3/13/2026,https://public.tmhp.com/FeeSchedules/StaticFeeSchedule/FeeSchedules.aspx?fn=%5c%5ctmhp.net%5cFeeSchedule%5cPROD%5cStatic%5cTexas_Medicaid_Fee_Schedule_PRCR407C.xls,https://public.tmhp.com/FeeSchedules/StaticFeeSchedule/FeeSchedules.aspx?fn=%5c%5ctmhp.net%5cFeeSchedule%5cPROD%5cStatic%5cTexas_Medicaid_Fee_Schedule_PRCR407C.pdf
"DMEPOS - TOS 9, E, J, L, AND R",PRCR704C,3/13/2026,https://public.tmhp.com/FeeSchedules/StaticFeeSchedule/FeeSchedules.aspx?fn=%5c%5ctmhp.net%5cFeeSchedule%5cPROD%5cStatic%5cTexas_Medicaid_Fee_Schedule_PRCR704C.xls,https://public.tmhp.com/FeeSchedules/StaticFeeSchedule/FeeSchedules.aspx?fn=%5c%5ctmhp.net%5cFeeSchedule%5cPROD%5cStatic%5cTexas_Medicaid_Fee_Schedule_PRCR704C.pdf
FAMILY PLANNING CLINIC,PRCR454C,3/13/2026,https://public.tmhp.com/FeeSchedules/StaticFeeSchedule/FeeSchedules.aspx?fn=%5c%5ctmhp.net%5cFeeSchedule%5cPROD%5cStatic%5cTexas_Medicaid_Fee_Schedule_PRCR454C.xls,https://public.tmhp.com/FeeSchedules/StaticFeeSchedule/FeeSchedules.aspx?fn=%5c%5ctmhp.net%5cFeeSchedule%5cPROD%5cStatic%5cTexas_Medicaid_Fee_Schedule_PRCR454C.pdf
HEALTHY TEXAS WOMEN,PRCR612C,3/13/2026,https://public.tmhp.com/FeeSchedules/StaticFeeSchedule/FeeSchedules.aspx?fn=%5c%5ctmhp.net%5cFeeSchedule%5cPROD%5cStatic%5cTexas_Medicaid_Fee_Schedule_PRCR612C.xls,https://public.tmhp.com/FeeSchedules/StaticFeeSchedule/FeeSchedules.aspx?fn=%5c%5ctmhp.net%5cFeeSchedule%5cPROD%5cStatic%5cTexas_Medicaid_Fee_Schedule_PRCR612C.pdf
HEARING AID AND AUDIOMETRIC SERVICES,PRCR414C,3/13/2026,https://public.tmhp.com/FeeSchedules/StaticFeeSchedule/FeeSchedules.aspx?fn=%5c%5ctmhp.net%5cFeeSchedule%5cPROD%5cStatic%5cTexas_Medicaid_Fee_Schedule_PRCR414C.xls,https://public.tmhp.com/FeeSchedules/StaticFeeSchedule/FeeSchedules.aspx?fn=%5c%5ctmhp.net%5cFeeSchedule%5cPROD%5cStatic%5cTexas_Medicaid_Fee_Schedule_PRCR414C.pdf
HHSC FAMILY PLANNING PROGRAM,PRCR707C,3/13/2026,https://public.tmhp.com/FeeSchedules/StaticFeeSchedule/FeeSchedules.aspx?fn=%5c%5ctmhp.net%5cFeeSchedule%5cPROD%5cStatic%5cTexas_Medicaid_Fee_Schedule_PRCR707C.xls,https://public.tmhp.com/FeeSchedules/StaticFeeSchedule/FeeSchedules.aspx?fn=%5c%5ctmhp.net%5cFeeSchedule%5cPROD%5cStatic%5cTexas_Medicaid_Fee_Schedule_PRCR707C.pdf
HOME HEALTH AGENCY,PRCR408C,3/13/2026,https://public.tmhp.com/FeeSchedules/StaticFeeSchedule/FeeSchedules.aspx?fn=%5c%5ctmhp.net%5cFeeSchedule%5cPROD%5cStatic%5cTexas_Medicaid_Fee_Schedule_PRCR408C.xls,https://public.tmhp.com/FeeSchedules/StaticFeeSchedule/FeeSchedules.aspx?fn=%5c%5ctmhp.net%5cFeeSchedule%5cPROD%5cStatic%5cTexas_Medicaid_Fee_Schedule_PRCR408C.pdf
HOSPITAL OUTPATIENT IMAGING SERVICES,PRCR604C,3/13/2026,https://public.tmhp.com/FeeSchedules/StaticFeeSchedule/FeeSchedules.aspx?fn=%5c%5ctmhp.net%5cFeeSchedule%5cPROD%5cStatic%5cTexas_Medicaid_Fee_Schedule_PRCR604C.xls,https://public.tmhp.com/FeeSchedules/StaticFeeSchedule/FeeSchedules.aspx?fn=%5c%5ctmhp.net%5cFeeSchedule%5cPROD%5cStatic%5cTexas_Medicaid_Fee_Schedule_PRCR604C.pdf
IN HOME TOTAL PARENTERAL NUTRITION (TPN) SERVICES,PRCR448C,3/13/2026,https://public.tmhp.com/FeeSchedules/StaticFeeSchedule/FeeSchedules.aspx?fn=%5c%5ctmhp.net%5cFeeSchedule%5cPROD%5cStatic%5cTexas_Medicaid_Fee_Schedule_PRCR448C.xls,https://public.tmhp.com/FeeSchedules/StaticFeeSchedule/FeeSchedules.aspx?fn=%5c%5ctmhp.net%5cFeeSchedule%5cPROD%5cStatic%5cTexas_Medicaid_Fee_Schedule_PRCR448C.pdf
INDIAN HEALTH SERVICES,PRCR453C,3/13/2026,https://public.tmhp.com/FeeSchedules/StaticFeeSchedule/FeeSchedules.aspx?fn=%5c%5ctmhp.net%5cFeeSchedule%5cPROD%5cStatic%5cTexas_Medicaid_Fee_Schedule_PRCR453C.xls,https://public.tmhp.com/FeeSchedules/StaticFeeSchedule/FeeSchedules.aspx?fn=%5c%5ctmhp.net%5cFeeSchedule%5cPROD%5cStatic%5cTexas_Medicaid_Fee_Schedule_PRCR453C.pdf
LABORATORY INDEPENDENT,PRCR429C,3/13/2026,https://public.tmhp.com/FeeSchedules/StaticFeeSchedule/FeeSchedules.aspx?fn=%5c%5ctmhp.net%5cFeeSchedule%5cPROD%5cStatic%5cTexas_Medicaid_Fee_Schedule_PRCR429C.xls,https://public.tmhp.com/FeeSchedules/StaticFeeSchedule/FeeSchedules.aspx?fn=%5c%5ctmhp.net%5cFeeSchedule%5cPROD%5cStatic%5cTexas_Medicaid_Fee_Schedule_PRCR429C.pdf
LICENSED CLINICAL SOCIAL WORKER (LCSW),PRCR428C,3/13/2026,https://public.tmhp.com/FeeSchedules/StaticFeeSchedule/FeeSchedules.aspx?fn=%5c%5ctmhp.net%5cFeeSchedule%5cPROD%5cStatic%5cTexas_Medicaid_Fee_Schedule_PRCR428C.xls,https://public.tmhp.com/FeeSchedules/StaticFeeSchedule/FeeSchedules.aspx?fn=%5c%5ctmhp.net%5cFeeSchedule%5cPROD%5cStatic%5cTexas_Medicaid_Fee_Schedule_PRCR428C.pdf
LICENSED MIDWIFE,PRCR611C,3/13/2026,https://public.tmhp.com/FeeSchedules/StaticFeeSchedule/FeeSchedules.aspx?fn=%5c%5ctmhp.net%5cFeeSchedule%5cPROD%5cStatic%5cTexas_Medicaid_Fee_Schedule_PRCR611C.xls,https://public.tmhp.com/FeeSchedules/StaticFeeSchedule/FeeSchedules.aspx?fn=%5c%5ctmhp.net%5cFeeSchedule%5cPROD%5cStatic%5cTexas_Medicaid_Fee_Schedule_PRCR611C.pdf
LOCAL HEALTH DEPARTMENT SERVICES,PRCR617C,3/13/2026,https://public.tmhp.com/FeeSchedules/StaticFeeSchedule/FeeSchedules.aspx?fn=%5c%5ctmhp.net%5cFeeSchedule%5cPROD%5cStatic%5cTexas_Medicaid_Fee_Schedule_PRCR617C.xls,https://public.tmhp.com/FeeSchedules/StaticFeeSchedule/FeeSchedules.aspx?fn=%5c%5ctmhp.net%5cFeeSchedule%5cPROD%5cStatic%5cTexas_Medicaid_Fee_Schedule_PRCR617C.pdf
MEDICAL TRANSPORTATION - DEMAND RESPONSE TRANSPORTATION SERVICES PROVIDER,PRCR706C,3/13/2026,https://public.tmhp.com/FeeSchedules/StaticFeeSchedule/FeeSchedules.aspx?fn=%5c%5ctmhp.net%5cFeeSchedule%5cPROD%5cStatic%5cTexas_Medicaid_Fee_Schedule_PRCR706C.xls,https://public.tmhp.com/FeeSchedules/StaticFeeSchedule/FeeSchedules.aspx?fn=%5c%5ctmhp.net%5cFeeSchedule%5cPROD%5cStatic%5cTexas_Medicaid_Fee_Schedule_PRCR706C.pdf
MEDICAL TRANSPORTATION - INDIVIDUAL TRANSPORTATION PARTICIPANT,PRCR705C,3/13/2026,https://public.tmhp.com/FeeSchedules/StaticFeeSchedule/FeeSchedules.aspx?fn=%5c%5ctmhp.net%5cFeeSchedule%5cPROD%5cStatic%5cTexas_Medicaid_Fee_Schedule_PRCR705C.xls,https://public.tmhp.com/FeeSchedules/StaticFeeSchedule/FeeSchedules.aspx?fn=%5c%5ctmhp.net%5cFeeSchedule%5cPROD%5cStatic%5cTexas_Medicaid_Fee_Schedule_PRCR705C.pdf
MISCELLANEOUS OTHER PROFESSIONALS - CERTIFIED RESPIRATORY CARE PRACTITIONER,PRCR487C,3/13/2026,https://public.tmhp.com/FeeSchedules/StaticFeeSchedule/FeeSchedules.aspx?fn=%5c%5ctmhp.net%5cFeeSchedule%5cPROD%5cStatic%5cTexas_Medicaid_Fee_Schedule_PRCR487C.xls,https://public.tmhp.com/FeeSchedules/StaticFeeSchedule/FeeSchedules.aspx?fn=%5c%5ctmhp.net%5cFeeSchedule%5cPROD%5cStatic%5cTexas_Medicaid_Fee_Schedule_PRCR487C.pdf
MISCELLANEOUS OTHER PROFESSIONALS - COMPREHENSIVE HEALTH CENTER (CHC),PRCR450C,3/13/2026,https://public.tmhp.com/FeeSchedules/StaticFeeSchedule/FeeSchedules.aspx?fn=%5c%5ctmhp.net%5cFeeSchedule%5cPROD%5cStatic%5cTexas_Medicaid_Fee_Schedule_PRCR450C.xls,https://public.tmhp.com/FeeSchedules/StaticFeeSchedule/FeeSchedules.aspx?fn=%5c%5ctmhp.net%5cFeeSchedule%5cPROD%5cStatic%5cTexas_Medicaid_Fee_Schedule_PRCR450C.pdf
MISCELLANEOUS OTHER PROFESSIONALS - MATERNITY SERVICE CLINIC,PRCR449C,3/13/2026,https://public.tmhp.com/FeeSchedules/StaticFeeSchedule/FeeSchedules.aspx?fn=%5c%5ctmhp.net%5cFeeSchedule%5cPROD%5cStatic%5cTexas_Medicaid_Fee_Schedule_PRCR449C.xls,https://public.tmhp.com/FeeSchedules/StaticFeeSchedule/FeeSchedules.aspx?fn=%5c%5ctmhp.net%5cFeeSchedule%5cPROD%5cStatic%5cTexas_Medicaid_Fee_Schedule_PRCR449C.pdf
MISCELLANEOUS OTHER PROFESSIONALS - OPTICIAN,PRCR432C,3/13/2026,https://public.tmhp.com/FeeSchedules/StaticFeeSchedule/FeeSchedules.aspx?fn=%5c%5ctmhp.net%5cFeeSchedule%5cPROD%5cStatic%5cTexas_Medicaid_Fee_Schedule_PRCR432C.xls,https://public.tmhp.com/FeeSchedules/StaticFeeSchedule/FeeSchedules.aspx?fn=%5c%5ctmhp.net%5cFeeSchedule%5cPROD%5cStatic%5cTexas_Medicaid_Fee_Schedule_PRCR432C.pdf
"MISCELLANEOUS OTHER PROFESSIONALS - PORTABLE X-RAY, RADIOLOGICAL LAB, PHYSIOLOGICAL LAB",PRCR455C,3/13/2026,https://public.tmhp.com/FeeSchedules/StaticFeeSchedule/FeeSchedules.aspx?fn=%5c%5ctmhp.net%5cFeeSchedule%5cPROD%5cStatic%5cTexas_Medicaid_Fee_Schedule_PRCR455C.xls,https://public.tmhp.com/FeeSchedules/StaticFeeSchedule/FeeSchedules.aspx?fn=%5c%5ctmhp.net%5cFeeSchedule%5cPROD%5cStatic%5cTexas_Medicaid_Fee_Schedule_PRCR455C.pdf
MISCELLANEOUS OTHER PROFESSIONALS - RADIATION TREATMENT CENTER,PRCR441C,3/13/2026,https://public.tmhp.com/FeeSchedules/StaticFeeSchedule/FeeSchedules.aspx?fn=%5c%5ctmhp.net%5cFeeSchedule%5cPROD%5cStatic%5cTexas_Medicaid_Fee_Schedule_PRCR441C.xls,https://public.tmhp.com/FeeSchedules/StaticFeeSchedule/FeeSchedules.aspx?fn=%5c%5ctmhp.net%5cFeeSchedule%5cPROD%5cStatic%5cTexas_Medicaid_Fee_Schedule_PRCR441C.pdf
NATIONAL DRUG CODES,PRCR708C,3/13/2026,https://public.tmhp.com/FeeSchedules/StaticFeeSchedule/FeeSchedules.aspx?fn=%5c%5ctmhp.net%5cFeeSchedule%5cPROD%5cStatic%5cTexas_Medicaid_Fee_Schedule_PRCR708C.xls,https://public.tmhp.com/FeeSchedules/StaticFeeSchedule/FeeSchedules.aspx?fn=%5c%5ctmhp.net%5cFeeSchedule%5cPROD%5cStatic%5cTexas_Medicaid_Fee_Schedule_PRCR708C.pdf
"NEPHROLOGY (HEMODIALYSIS, RENAL DIALYSIS)",PRCR417C,3/13/2026,https://public.tmhp.com/FeeSchedules/StaticFeeSchedule/FeeSchedules.aspx?fn=%5c%5ctmhp.net%5cFeeSchedule%5cPROD%5cStatic%5cTexas_Medicaid_Fee_Schedule_PRCR417C.xls,https://public.tmhp.com/FeeSchedules/StaticFeeSchedule/FeeSchedules.aspx?fn=%5c%5ctmhp.net%5cFeeSchedule%5cPROD%5cStatic%5cTexas_Medicaid_Fee_Schedule_PRCR417C.pdf
"NEPHROLOGY (HEMODIALYSIS, RENAL DIALYSIS) COMPOSITE RATES",PRCR417I,3/13/2026,https://public.tmhp.com/FeeSchedules/StaticFeeSchedule/FeeSchedules.aspx?fn=%5c%5ctmhp.net%5cFeeSchedule%5cPROD%5cStatic%5cTexas_Medicaid_Fee_Schedule_PRCR417I.xls,https://public.tmhp.com/FeeSchedules/StaticFeeSchedule/FeeSchedules.aspx?fn=%5c%5ctmhp.net%5cFeeSchedule%5cPROD%5cStatic%5cTexas_Medicaid_Fee_Schedule_PRCR417I.pdf
NURSE PRACTITIONER/CLINICAL NURSE SPECIALIST,PRCR609C,3/13/2026,https://public.tmhp.com/FeeSchedules/StaticFeeSchedule/FeeSchedules.aspx?fn=%5c%5ctmhp.net%5cFeeSchedule%5cPROD%5cStatic%5cTexas_Medicaid_Fee_Schedule_PRCR609C.xls,https://public.tmhp.com/FeeSchedules/StaticFeeSchedule/FeeSchedules.aspx?fn=%5c%5ctmhp.net%5cFeeSchedule%5cPROD%5cStatic%5cTexas_Medicaid_Fee_Schedule_PRCR609C.pdf
OCCUPATIONAL THERAPIST,PRCR436C,3/13/2026,https://public.tmhp.com/FeeSchedules/StaticFeeSchedule/FeeSchedules.aspx?fn=%5c%5ctmhp.net%5cFeeSchedule%5cPROD%5cStatic%5cTexas_Medicaid_Fee_Schedule_PRCR436C.xls,https://public.tmhp.com/FeeSchedules/StaticFeeSchedule/FeeSchedules.aspx?fn=%5c%5ctmhp.net%5cFeeSchedule%5cPROD%5cStatic%5cTexas_Medicaid_Fee_Schedule_PRCR436C.pdf
OPTOMETRIST,PRCR403C,3/13/2026,https://public.tmhp.com/FeeSchedules/StaticFeeSchedule/FeeSchedules.aspx?fn=%5c%5ctmhp.net%5cFeeSchedule%5cPROD%5cStatic%5cTexas_Medicaid_Fee_Schedule_PRCR403C.xls,https://public.tmhp.com/FeeSchedules/StaticFeeSchedule/FeeSchedules.aspx?fn=%5c%5ctmhp.net%5cFeeSchedule%5cPROD%5cStatic%5cTexas_Medicaid_Fee_Schedule_PRCR403C.pdf
ORAL MAXILLOFACIAL SURGEON,PRCR457C,3/13/2026,https://public.tmhp.com/FeeSchedules/StaticFeeSchedule/FeeSchedules.aspx?fn=%5c%5ctmhp.net%5cFeeSchedule%5cPROD%5cStatic%5cTexas_Medicaid_Fee_Schedule_PRCR457C.xls,https://public.tmhp.com/FeeSchedules/StaticFeeSchedule/FeeSchedules.aspx?fn=%5c%5ctmhp.net%5cFeeSchedule%5cPROD%5cStatic%5cTexas_Medicaid_Fee_Schedule_PRCR457C.pdf
ORTHODONTIST,PRCR456C,3/13/2026,https://public.tmhp.com/FeeSchedules/StaticFeeSchedule/FeeSchedules.aspx?fn=%5c%5ctmhp.net%5cFeeSchedule%5cPROD%5cStatic%5cTexas_Medicaid_Fee_Schedule_PRCR456C.xls,https://public.tmhp.com/FeeSchedules/StaticFeeSchedule/FeeSchedules.aspx?fn=%5c%5ctmhp.net%5cFeeSchedule%5cPROD%5cStatic%5cTexas_Medicaid_Fee_Schedule_PRCR456C.pdf
ORTHOTIST,PRCR439C,3/13/2026,https://public.tmhp.com/FeeSchedules/StaticFeeSchedule/FeeSchedules.aspx?fn=%5c%5ctmhp.net%5cFeeSchedule%5cPROD%5cStatic%5cTexas_Medicaid_Fee_Schedule_PRCR439C.xls,https://public.tmhp.com/FeeSchedules/StaticFeeSchedule/FeeSchedules.aspx?fn=%5c%5ctmhp.net%5cFeeSchedule%5cPROD%5cStatic%5cTexas_Medicaid_Fee_Schedule_PRCR439C.pdf
OUTPATIENT BEHAVIORAL HEALTH,PRCR605C,3/13/2026,https://public.tmhp.com/FeeSchedules/StaticFeeSchedule/FeeSchedules.aspx?fn=%5c%5ctmhp.net%5cFeeSchedule%5cPROD%5cStatic%5cTexas_Medicaid_Fee_Schedule_PRCR605C.xls,https://public.tmhp.com/FeeSchedules/StaticFeeSchedule/FeeSchedules.aspx?fn=%5c%5ctmhp.net%5cFeeSchedule%5cPROD%5cStatic%5cTexas_Medicaid_Fee_Schedule_PRCR605C.pdf
OUTPATIENT BEHAVIORAL HEALTH - CHEMICAL DEPENDENCYTREATMENT FACILITY,PRCR426C,3/13/2026,https://public.tmhp.com/FeeSchedules/StaticFeeSchedule/FeeSchedules.aspx?fn=%5c%5ctmhp.net%5cFeeSchedule%5cPROD%5cStatic%5cTexas_Medicaid_Fee_Schedule_PRCR426C.xls,https://public.tmhp.com/FeeSchedules/StaticFeeSchedule/FeeSchedules.aspx?fn=%5c%5ctmhp.net%5cFeeSchedule%5cPROD%5cStatic%5cTexas_Medicaid_Fee_Schedule_PRCR426C.pdf
OUTPATIENT BEHAVIORAL HEALTH - OPIOID TREATMENT PROVIDER,PRCR462C,3/13/2026,https://public.tmhp.com/FeeSchedules/StaticFeeSchedule/FeeSchedules.aspx?fn=%5c%5ctmhp.net%5cFeeSchedule%5cPROD%5cStatic%5cTexas_Medicaid_Fee_Schedule_PRCR462C.xls,https://public.tmhp.com/FeeSchedules/StaticFeeSchedule/FeeSchedules.aspx?fn=%5c%5ctmhp.net%5cFeeSchedule%5cPROD%5cStatic%5cTexas_Medicaid_Fee_Schedule_PRCR462C.pdf
OUTPATIENT BEHAVIORAL HEALTH - PSYCHOLOGIST,PRCR433C,3/13/2026,https://public.tmhp.com/FeeSchedules/StaticFeeSchedule/FeeSchedules.aspx?fn=%5c%5ctmhp.net%5cFeeSchedule%5cPROD%5cStatic%5cTexas_Medicaid_Fee_Schedule_PRCR433C.xls,https://public.tmhp.com/FeeSchedules/StaticFeeSchedule/FeeSchedules.aspx?fn=%5c%5ctmhp.net%5cFeeSchedule%5cPROD%5cStatic%5cTexas_Medicaid_Fee_Schedule_PRCR433C.pdf
PHYSICAL THERAPIST,PRCR435C,3/13/2026,https://public.tmhp.com/FeeSchedules/StaticFeeSchedule/FeeSchedules.aspx?fn=%5c%5ctmhp.net%5cFeeSchedule%5cPROD%5cStatic%5cTexas_Medicaid_Fee_Schedule_PRCR435C.xls,https://public.tmhp.com/FeeSchedules/StaticFeeSchedule/FeeSchedules.aspx?fn=%5c%5ctmhp.net%5cFeeSchedule%5cPROD%5cStatic%5cTexas_Medicaid_Fee_Schedule_PRCR435C.pdf
PHYSICIAN,PRCR402C,3/13/2026,https://public.tmhp.com/FeeSchedules/StaticFeeSchedule/FeeSchedules.aspx?fn=%5c%5ctmhp.net%5cFeeSchedule%5cPROD%5cStatic%5cTexas_Medicaid_Fee_Schedule_PRCR402C.xls,https://public.tmhp.com/FeeSchedules/StaticFeeSchedule/FeeSchedules.aspx?fn=%5c%5ctmhp.net%5cFeeSchedule%5cPROD%5cStatic%5cTexas_Medicaid_Fee_Schedule_PRCR402C.pdf
PHYSICIAN - ADMINISTERED DRUG/BIOLOGICAL,PRCR495C,3/13/2026,https://public.tmhp.com/FeeSchedules/StaticFeeSchedule/FeeSchedules.aspx?fn=%5c%5ctmhp.net%5cFeeSchedule%5cPROD%5cStatic%5cTexas_Medicaid_Fee_Schedule_PRCR495C.xls,https://public.tmhp.com/FeeSchedules/StaticFeeSchedule/FeeSchedules.aspx?fn=%5c%5ctmhp.net%5cFeeSchedule%5cPROD%5cStatic%5cTexas_Medicaid_Fee_Schedule_PRCR495C.pdf
PHYSICIAN - ALLERGY,PRCR464C,3/13/2026,https://public.tmhp.com/FeeSchedules/StaticFeeSchedule/FeeSchedules.aspx?fn=%5c%5ctmhp.net%5cFeeSchedule%5cPROD%5cStatic%5cTexas_Medicaid_Fee_Schedule_PRCR464C.xls,https://public.tmhp.com/FeeSchedules/StaticFeeSchedule/FeeSchedules.aspx?fn=%5c%5ctmhp.net%5cFeeSchedule%5cPROD%5cStatic%5cTexas_Medicaid_Fee_Schedule_PRCR464C.pdf
PHYSICIAN - ANESTHESIOLOGY,PRCR466C,3/13/2026,https://public.tmhp.com/FeeSchedules/StaticFeeSchedule/FeeSchedules.aspx?fn=%5c%5ctmhp.net%5cFeeSchedule%5cPROD%5cStatic%5cTexas_Medicaid_Fee_Schedule_PRCR466C.xls,https://public.tmhp.com/FeeSchedules/StaticFeeSchedule/FeeSchedules.aspx?fn=%5c%5ctmhp.net%5cFeeSchedule%5cPROD%5cStatic%5cTexas_Medicaid_Fee_Schedule_PRCR466C.pdf
PHYSICIAN - CARDIOVASCULAR DISEASE,PRCR467C,3/13/2026,https://public.tmhp.com/FeeSchedules/StaticFeeSchedule/FeeSchedules.aspx?fn=%5c%5ctmhp.net%5cFeeSchedule%5cPROD%5cStatic%5cTexas_Medicaid_Fee_Schedule_PRCR467C.xls,https://public.tmhp.com/FeeSchedules/StaticFeeSchedule/FeeSchedules.aspx?fn=%5c%5ctmhp.net%5cFeeSchedule%5cPROD%5cStatic%5cTexas_Medicaid_Fee_Schedule_PRCR467C.pdf
PHYSICIAN - DERMATOLOGY,PRCR468C,3/13/2026,https://public.tmhp.com/FeeSchedules/StaticFeeSchedule/FeeSchedules.aspx?fn=%5c%5ctmhp.net%5cFeeSchedule%5cPROD%5cStatic%5cTexas_Medicaid_Fee_Schedule_PRCR468C.xls,https://public.tmhp.com/FeeSchedules/StaticFeeSchedule/FeeSchedules.aspx?fn=%5c%5ctmhp.net%5cFeeSchedule%5cPROD%5cStatic%5cTexas_Medicaid_Fee_Schedule_PRCR468C.pdf
PHYSICIAN - DOCTOR OF DENTISTRY,PRCR431C,3/13/2026,https://public.tmhp.com/FeeSchedules/StaticFeeSchedule/FeeSchedules.aspx?fn=%5c%5ctmhp.net%5cFeeSchedule%5cPROD%5cStatic%5cTexas_Medicaid_Fee_Schedule_PRCR431C.xls,https://public.tmhp.com/FeeSchedules/StaticFeeSchedule/FeeSchedules.aspx?fn=%5c%5ctmhp.net%5cFeeSchedule%5cPROD%5cStatic%5cTexas_Medicaid_Fee_Schedule_PRCR431C.pdf
PHYSICIAN - GASTROENTEROLOGY,PRCR469C,3/13/2026,https://public.tmhp.com/FeeSchedules/StaticFeeSchedule/FeeSchedules.aspx?fn=%5c%5ctmhp.net%5cFeeSchedule%5cPROD%5cStatic%5cTexas_Medicaid_Fee_Schedule_PRCR469C.xls,https://public.tmhp.com/FeeSchedules/StaticFeeSchedule/FeeSchedules.aspx?fn=%5c%5ctmhp.net%5cFeeSchedule%5cPROD%5cStatic%5cTexas_Medicaid_Fee_Schedule_PRCR469C.pdf
PHYSICIAN - GENERAL SURGERY,PRCR463C,3/13/2026,https://public.tmhp.com/FeeSchedules/StaticFeeSchedule/FeeSchedules.aspx?fn=%5c%5ctmhp.net%5cFeeSchedule%5cPROD%5cStatic%5cTexas_Medicaid_Fee_Schedule_PRCR463C.xls,https://public.tmhp.com/FeeSchedules/StaticFeeSchedule/FeeSchedules.aspx?fn=%5c%5ctmhp.net%5cFeeSchedule%5cPROD%5cStatic%5cTexas_Medicaid_Fee_Schedule_PRCR463C.pdf
PHYSICIAN - GENETICS,PRCR452C,3/13/2026,https://public.tmhp.com/FeeSchedules/StaticFeeSchedule/FeeSchedules.aspx?fn=%5c%5ctmhp.net%5cFeeSchedule%5cPROD%5cStatic%5cTexas_Medicaid_Fee_Schedule_PRCR452C.xls,https://public.tmhp.com/FeeSchedules/StaticFeeSchedule/FeeSchedules.aspx?fn=%5c%5ctmhp.net%5cFeeSchedule%5cPROD%5cStatic%5cTexas_Medicaid_Fee_Schedule_PRCR452C.pdf
PHYSICIAN - GERIATRICS,PRCR486C,3/13/2026,https://public.tmhp.com/FeeSchedules/StaticFeeSchedule/FeeSchedules.aspx?fn=%5c%5ctmhp.net%5cFeeSchedule%5cPROD%5cStatic%5cTexas_Medicaid_Fee_Schedule_PRCR486C.xls,https://public.tmhp.com/FeeSchedules/StaticFeeSchedule/FeeSchedules.aspx?fn=%5c%5ctmhp.net%5cFeeSchedule%5cPROD%5cStatic%5cTexas_Medicaid_Fee_Schedule_PRCR486C.pdf
PHYSICIAN - INTERNAL MEDICINE,PRCR470C,3/13/2026,https://public.tmhp.com/FeeSchedules/StaticFeeSchedule/FeeSchedules.aspx?fn=%5c%5ctmhp.net%5cFeeSchedule%5cPROD%5cStatic%5cTexas_Medicaid_Fee_Schedule_PRCR470C.xls,https://public.tmhp.com/FeeSchedules/StaticFeeSchedule/FeeSchedules.aspx?fn=%5c%5ctmhp.net%5cFeeSchedule%5cPROD%5cStatic%5cTexas_Medicaid_Fee_Schedule_PRCR470C.pdf
PHYSICIAN - NEPHROLOGY,PRCR461C,3/13/2026,https://public.tmhp.com/FeeSchedules/StaticFeeSchedule/FeeSchedules.aspx?fn=%5c%5ctmhp.net%5cFeeSchedule%5cPROD%5cStatic%5cTexas_Medicaid_Fee_Schedule_PRCR461C.xls,https://public.tmhp.com/FeeSchedules/StaticFeeSchedule/FeeSchedules.aspx?fn=%5c%5ctmhp.net%5cFeeSchedule%5cPROD%5cStatic%5cTexas_Medicaid_Fee_Schedule_PRCR461C.pdf
PHYSICIAN - NEUROLOGY,PRCR471C,3/13/2026,https://public.tmhp.com/FeeSchedules/StaticFeeSchedule/FeeSchedules.aspx?fn=%5c%5ctmhp.net%5cFeeSchedule%5cPROD%5cStatic%5cTexas_Medicaid_Fee_Schedule_PRCR471C.xls,https://public.tmhp.com/FeeSchedules/StaticFeeSchedule/FeeSchedules.aspx?fn=%5c%5ctmhp.net%5cFeeSchedule%5cPROD%5cStatic%5cTexas_Medicaid_Fee_Schedule_PRCR471C.pdf
PHYSICIAN - NEUROSURGERY,PRCR472C,3/13/2026,https://public.tmhp.com/FeeSchedules/StaticFeeSchedule/FeeSchedules.aspx?fn=%5c%5ctmhp.net%5cFeeSchedule%5cPROD%5cStatic%5cTexas_Medicaid_Fee_Schedule_PRCR472C.xls,https://public.tmhp.com/FeeSchedules/StaticFeeSchedule/FeeSchedules.aspx?fn=%5c%5ctmhp.net%5cFeeSchedule%5cPROD%5cStatic%5cTexas_Medicaid_Fee_Schedule_PRCR472C.pdf
PHYSICIAN - NUCLEAR MEDICINE,PRCR484C,3/13/2026,https://public.tmhp.com/FeeSchedules/StaticFeeSchedule/FeeSchedules.aspx?fn=%5c%5ctmhp.net%5cFeeSchedule%5cPROD%5cStatic%5cTexas_Medicaid_Fee_Schedule_PRCR484C.xls,https://public.tmhp.com/FeeSchedules/StaticFeeSchedule/FeeSchedules.aspx?fn=%5c%5ctmhp.net%5cFeeSchedule%5cPROD%5cStatic%5cTexas_Medicaid_Fee_Schedule_PRCR484C.pdf
PHYSICIAN - OB/GYN,PRCR473C,3/13/2026,https://public.tmhp.com/FeeSchedules/StaticFeeSchedule/FeeSchedules.aspx?fn=%5c%5ctmhp.net%5cFeeSchedule%5cPROD%5cStatic%5cTexas_Medicaid_Fee_Schedule_PRCR473C.xls,https://public.tmhp.com/FeeSchedules/StaticFeeSchedule/FeeSchedules.aspx?fn=%5c%5ctmhp.net%5cFeeSchedule%5cPROD%5cStatic%5cTexas_Medicaid_Fee_Schedule_PRCR473C.pdf
PHYSICIAN - OPHTHALMOLOGY,PRCR474C,3/13/2026,https://public.tmhp.com/FeeSchedules/StaticFeeSchedule/FeeSchedules.aspx?fn=%5c%5ctmhp.net%5cFeeSchedule%5cPROD%5cStatic%5cTexas_Medicaid_Fee_Schedule_PRCR474C.xls,https://public.tmhp.com/FeeSchedules/StaticFeeSchedule/FeeSchedules.aspx?fn=%5c%5ctmhp.net%5cFeeSchedule%5cPROD%5cStatic%5cTexas_Medicaid_Fee_Schedule_PRCR474C.pdf
PHYSICIAN - ORTHOPEDIC SURGERY,PRCR475C,3/13/2026,https://public.tmhp.com/FeeSchedules/StaticFeeSchedule/FeeSchedules.aspx?fn=%5c%5ctmhp.net%5cFeeSchedule%5cPROD%5cStatic%5cTexas_Medicaid_Fee_Schedule_PRCR475C.xls,https://public.tmhp.com/FeeSchedules/StaticFeeSchedule/FeeSchedules.aspx?fn=%5c%5ctmhp.net%5cFeeSchedule%5cPROD%5cStatic%5cTexas_Medicaid_Fee_Schedule_PRCR475C.pdf
PHYSICIAN - OTHER,PRCR488C,3/13/2026,https://public.tmhp.com/FeeSchedules/StaticFeeSchedule/FeeSchedules.aspx?fn=%5c%5ctmhp.net%5cFeeSchedule%5cPROD%5cStatic%5cTexas_Medicaid_Fee_Schedule_PRCR488C.xls,https://public.tmhp.com/FeeSchedules/StaticFeeSchedule/FeeSchedules.aspx?fn=%5c%5ctmhp.net%5cFeeSchedule%5cPROD%5cStatic%5cTexas_Medicaid_Fee_Schedule_PRCR488C.pdf
PHYSICIAN - OTORHINOLARYNGOLOGY,PRCR465C,3/13/2026,https://public.tmhp.com/FeeSchedules/StaticFeeSchedule/FeeSchedules.aspx?fn=%5c%5ctmhp.net%5cFeeSchedule%5cPROD%5cStatic%5cTexas_Medicaid_Fee_Schedule_PRCR465C.xls,https://public.tmhp.com/FeeSchedules/StaticFeeSchedule/FeeSchedules.aspx?fn=%5c%5ctmhp.net%5cFeeSchedule%5cPROD%5cStatic%5cTexas_Medicaid_Fee_Schedule_PRCR465C.pdf
PHYSICIAN - PATHOLOGIST,PRCR412C,3/13/2026,https://public.tmhp.com/FeeSchedules/StaticFeeSchedule/FeeSchedules.aspx?fn=%5c%5ctmhp.net%5cFeeSchedule%5cPROD%5cStatic%5cTexas_Medicaid_Fee_Schedule_PRCR412C.xls,https://public.tmhp.com/FeeSchedules/StaticFeeSchedule/FeeSchedules.aspx?fn=%5c%5ctmhp.net%5cFeeSchedule%5cPROD%5cStatic%5cTexas_Medicaid_Fee_Schedule_PRCR412C.pdf
PHYSICIAN - PEDIATRICS,PRCR485C,3/13/2026,https://public.tmhp.com/FeeSchedules/StaticFeeSchedule/FeeSchedules.aspx?fn=%5c%5ctmhp.net%5cFeeSchedule%5cPROD%5cStatic%5cTexas_Medicaid_Fee_Schedule_PRCR485C.xls,https://public.tmhp.com/FeeSchedules/StaticFeeSchedule/FeeSchedules.aspx?fn=%5c%5ctmhp.net%5cFeeSchedule%5cPROD%5cStatic%5cTexas_Medicaid_Fee_Schedule_PRCR485C.pdf
PHYSICIAN - PHYSICAL MEDICINE AND REHABILITATION,PRCR477C,3/13/2026,https://public.tmhp.com/FeeSchedules/StaticFeeSchedule/FeeSchedules.aspx?fn=%5c%5ctmhp.net%5cFeeSchedule%5cPROD%5cStatic%5cTexas_Medicaid_Fee_Schedule_PRCR477C.xls,https://public.tmhp.com/FeeSchedules/StaticFeeSchedule/FeeSchedules.aspx?fn=%5c%5ctmhp.net%5cFeeSchedule%5cPROD%5cStatic%5cTexas_Medicaid_Fee_Schedule_PRCR477C.pdf
PHYSICIAN - PLASTIC SURGERY,PRCR476C,3/13/2026,https://public.tmhp.com/FeeSchedules/StaticFeeSchedule/FeeSchedules.aspx?fn=%5c%5ctmhp.net%5cFeeSchedule%5cPROD%5cStatic%5cTexas_Medicaid_Fee_Schedule_PRCR476C.xls,https://public.tmhp.com/FeeSchedules/StaticFeeSchedule/FeeSchedules.aspx?fn=%5c%5ctmhp.net%5cFeeSchedule%5cPROD%5cStatic%5cTexas_Medicaid_Fee_Schedule_PRCR476C.pdf
PHYSICIAN - PROCTOLOGY,PRCR479C,3/13/2026,https://public.tmhp.com/FeeSchedules/StaticFeeSchedule/FeeSchedules.aspx?fn=%5c%5ctmhp.net%5cFeeSchedule%5cPROD%5cStatic%5cTexas_Medicaid_Fee_Schedule_PRCR479C.xls,https://public.tmhp.com/FeeSchedules/StaticFeeSchedule/FeeSchedules.aspx?fn=%5c%5ctmhp.net%5cFeeSchedule%5cPROD%5cStatic%5cTexas_Medicaid_Fee_Schedule_PRCR479C.pdf
PHYSICIAN - PULMONARY DISEASE,PRCR480C,3/13/2026,https://public.tmhp.com/FeeSchedules/StaticFeeSchedule/FeeSchedules.aspx?fn=%5c%5ctmhp.net%5cFeeSchedule%5cPROD%5cStatic%5cTexas_Medicaid_Fee_Schedule_PRCR480C.xls,https://public.tmhp.com/FeeSchedules/StaticFeeSchedule/FeeSchedules.aspx?fn=%5c%5ctmhp.net%5cFeeSchedule%5cPROD%5cStatic%5cTexas_Medicaid_Fee_Schedule_PRCR480C.pdf
PHYSICIAN - RADIATION THERAPY,PRCR481C,3/13/2026,https://public.tmhp.com/FeeSchedules/StaticFeeSchedule/FeeSchedules.aspx?fn=%5c%5ctmhp.net%5cFeeSchedule%5cPROD%5cStatic%5cTexas_Medicaid_Fee_Schedule_PRCR481C.xls,https://public.tmhp.com/FeeSchedules/StaticFeeSchedule/FeeSchedules.aspx?fn=%5c%5ctmhp.net%5cFeeSchedule%5cPROD%5cStatic%5cTexas_Medicaid_Fee_Schedule_PRCR481C.pdf
PHYSICIAN - RADIOLOGIST,PRCR413C,3/13/2026,https://public.tmhp.com/FeeSchedules/StaticFeeSchedule/FeeSchedules.aspx?fn=%5c%5ctmhp.net%5cFeeSchedule%5cPROD%5cStatic%5cTexas_Medicaid_Fee_Schedule_PRCR413C.xls,https://public.tmhp.com/FeeSchedules/StaticFeeSchedule/FeeSchedules.aspx?fn=%5c%5ctmhp.net%5cFeeSchedule%5cPROD%5cStatic%5cTexas_Medicaid_Fee_Schedule_PRCR413C.pdf
PHYSICIAN - THORACIC SURGERY,PRCR482C,3/13/2026,https://public.tmhp.com/FeeSchedules/StaticFeeSchedule/FeeSchedules.aspx?fn=%5c%5ctmhp.net%5cFeeSchedule%5cPROD%5cStatic%5cTexas_Medicaid_Fee_Schedule_PRCR482C.xls,https://public.tmhp.com/FeeSchedules/StaticFeeSchedule/FeeSchedules.aspx?fn=%5c%5ctmhp.net%5cFeeSchedule%5cPROD%5cStatic%5cTexas_Medicaid_Fee_Schedule_PRCR482C.pdf
PHYSICIAN - UROLOGY,PRCR483C,3/13/2026,https://public.tmhp.com/FeeSchedules/StaticFeeSchedule/FeeSchedules.aspx?fn=%5c%5ctmhp.net%5cFeeSchedule%5cPROD%5cStatic%5cTexas_Medicaid_Fee_Schedule_PRCR483C.xls,https://public.tmhp.com/FeeSchedules/StaticFeeSchedule/FeeSchedules.aspx?fn=%5c%5ctmhp.net%5cFeeSchedule%5cPROD%5cStatic%5cTexas_Medicaid_Fee_Schedule_PRCR483C.pdf
PHYSICIAN ASSISTANT,PRCR607C,3/13/2026,https://public.tmhp.com/FeeSchedules/StaticFeeSchedule/FeeSchedules.aspx?fn=%5c%5ctmhp.net%5cFeeSchedule%5cPROD%5cStatic%5cTexas_Medicaid_Fee_Schedule_PRCR607C.xls,https://public.tmhp.com/FeeSchedules/StaticFeeSchedule/FeeSchedules.aspx?fn=%5c%5ctmhp.net%5cFeeSchedule%5cPROD%5cStatic%5cTexas_Medicaid_Fee_Schedule_PRCR607C.pdf
PODIATRIST,PRCR404C,3/13/2026,https://public.tmhp.com/FeeSchedules/StaticFeeSchedule/FeeSchedules.aspx?fn=%5c%5ctmhp.net%5cFeeSchedule%5cPROD%5cStatic%5cTexas_Medicaid_Fee_Schedule_PRCR404C.xls,https://public.tmhp.com/FeeSchedules/StaticFeeSchedule/FeeSchedules.aspx?fn=%5c%5ctmhp.net%5cFeeSchedule%5cPROD%5cStatic%5cTexas_Medicaid_Fee_Schedule_PRCR404C.pdf
PRESCRIBED PEDIATRIC EXTENDED CARE CENTER,PRCR613C,3/13/2026,https://public.tmhp.com/FeeSchedules/StaticFeeSchedule/FeeSchedules.aspx?fn=%5c%5ctmhp.net%5cFeeSchedule%5cPROD%5cStatic%5cTexas_Medicaid_Fee_Schedule_PRCR613C.xls,https://public.tmhp.com/FeeSchedules/StaticFeeSchedule/FeeSchedules.aspx?fn=%5c%5ctmhp.net%5cFeeSchedule%5cPROD%5cStatic%5cTexas_Medicaid_Fee_Schedule_PRCR613C.pdf
PROSTHETIST,PRCR438C,3/13/2026,https://public.tmhp.com/FeeSchedules/StaticFeeSchedule/FeeSchedules.aspx?fn=%5c%5ctmhp.net%5cFeeSchedule%5cPROD%5cStatic%5cTexas_Medicaid_Fee_Schedule_PRCR438C.xls,https://public.tmhp.com/FeeSchedules/StaticFeeSchedule/FeeSchedules.aspx?fn=%5c%5ctmhp.net%5cFeeSchedule%5cPROD%5cStatic%5cTexas_Medicaid_Fee_Schedule_PRCR438C.pdf
RENAL DIALYSIS FACILITY,PRCR430C,3/13/2026,https://public.tmhp.com/FeeSchedules/StaticFeeSchedule/FeeSchedules.aspx?fn=%5c%5ctmhp.net%5cFeeSchedule%5cPROD%5cStatic%5cTexas_Medicaid_Fee_Schedule_PRCR430C.xls,https://public.tmhp.com/FeeSchedules/StaticFeeSchedule/FeeSchedules.aspx?fn=%5c%5ctmhp.net%5cFeeSchedule%5cPROD%5cStatic%5cTexas_Medicaid_Fee_Schedule_PRCR430C.pdf
RENAL DIALYSIS FACILITY COMPOSITE RATES,PRCR430I,3/13/2026,https://public.tmhp.com/FeeSchedules/StaticFeeSchedule/FeeSchedules.aspx?fn=%5c%5ctmhp.net%5cFeeSchedule%5cPROD%5cStatic%5cTexas_Medicaid_Fee_Schedule_PRCR430I.xls,https://public.tmhp.com/FeeSchedules/StaticFeeSchedule/FeeSchedules.aspx?fn=%5c%5ctmhp.net%5cFeeSchedule%5cPROD%5cStatic%5cTexas_Medicaid_Fee_Schedule_PRCR430I.pdf
THERAPIES,PRCR492C,3/13/2026,https://public.tmhp.com/FeeSchedules/StaticFeeSchedule/FeeSchedules.aspx?fn=%5c%5ctmhp.net%5cFeeSchedule%5cPROD%5cStatic%5cTexas_Medicaid_Fee_Schedule_PRCR492C.xls,https://public.tmhp.com/FeeSchedules/StaticFeeSchedule/FeeSchedules.aspx?fn=%5c%5ctmhp.net%5cFeeSchedule%5cPROD%5cStatic%5cTexas_Medicaid_Fee_Schedule_PRCR492C.pdf
THSTEPS - OTHER,PRCR451C,3/13/2026,https://public.tmhp.com/FeeSchedules/StaticFeeSchedule/FeeSchedules.aspx?fn=%5c%5ctmhp.net%5cFeeSchedule%5cPROD%5cStatic%5cTexas_Medicaid_Fee_Schedule_PRCR451C.xls,https://public.tmhp.com/FeeSchedules/StaticFeeSchedule/FeeSchedules.aspx?fn=%5c%5ctmhp.net%5cFeeSchedule%5cPROD%5cStatic%5cTexas_Medicaid_Fee_Schedule_PRCR451C.pdf
THSTEPS LICENSED VOCATIONAL NURSE,PRCR445C,3/13/2026,https://public.tmhp.com/FeeSchedules/StaticFeeSchedule/FeeSchedules.aspx?fn=%5c%5ctmhp.net%5cFeeSchedule%5cPROD%5cStatic%5cTexas_Medicaid_Fee_Schedule_PRCR445C.xls,https://public.tmhp.com/FeeSchedules/StaticFeeSchedule/FeeSchedules.aspx?fn=%5c%5ctmhp.net%5cFeeSchedule%5cPROD%5cStatic%5cTexas_Medicaid_Fee_Schedule_PRCR445C.pdf
THSTEPS MEDICAL,PRCR415C,3/13/2026,https://public.tmhp.com/FeeSchedules/StaticFeeSchedule/FeeSchedules.aspx?fn=%5c%5ctmhp.net%5cFeeSchedule%5cPROD%5cStatic%5cTexas_Medicaid_Fee_Schedule_PRCR415C.xls,https://public.tmhp.com/FeeSchedules/StaticFeeSchedule/FeeSchedules.aspx?fn=%5c%5ctmhp.net%5cFeeSchedule%5cPROD%5cStatic%5cTexas_Medicaid_Fee_Schedule_PRCR415C.pdf
THSTEPS OTHER,PRCR442C,3/13/2026,https://public.tmhp.com/FeeSchedules/StaticFeeSchedule/FeeSchedules.aspx?fn=%5c%5ctmhp.net%5cFeeSchedule%5cPROD%5cStatic%5cTexas_Medicaid_Fee_Schedule_PRCR442C.xls,https://public.tmhp.com/FeeSchedules/StaticFeeSchedule/FeeSchedules.aspx?fn=%5c%5ctmhp.net%5cFeeSchedule%5cPROD%5cStatic%5cTexas_Medicaid_Fee_Schedule_PRCR442C.pdf
THSTEPS REGISTERED NURSE,PRCR444C,3/13/2026,https://public.tmhp.com/FeeSchedules/StaticFeeSchedule/FeeSchedules.aspx?fn=%5c%5ctmhp.net%5cFeeSchedule%5cPROD%5cStatic%5cTexas_Medicaid_Fee_Schedule_PRCR444C.xls,https://public.tmhp.com/FeeSchedules/StaticFeeSchedule/FeeSchedules.aspx?fn=%5c%5ctmhp.net%5cFeeSchedule%5cPROD%5cStatic%5cTexas_Medicaid_Fee_Schedule_PRCR444C.pdf
TUBERCULOSIS (TB) CLINIC,PRCR459C,3/13/2026,https://public.tmhp.com/FeeSchedules/StaticFeeSchedule/FeeSchedules.aspx?fn=%5c%5ctmhp.net%5cFeeSchedule%5cPROD%5cStatic%5cTexas_Medicaid_Fee_Schedule_PRCR459C.xls,https://public.tmhp.com/FeeSchedules/StaticFeeSchedule/FeeSchedules.aspx?fn=%5c%5ctmhp.net%5cFeeSchedule%5cPROD%5cStatic%5cTexas_Medicaid_Fee_Schedule_PRCR459C.pdf
TUBERCULOSIS (TB) CLINIC GROUP,PRCR460C,3/13/2026,https://public.tmhp.com/FeeSchedules/StaticFeeSchedule/FeeSchedules.aspx?fn=%5c%5ctmhp.net%5cFeeSchedule%5cPROD%5cStatic%5cTexas_Medicaid_Fee_Schedule_PRCR460C.xls,https://public.tmhp.com/FeeSchedules/StaticFeeSchedule/FeeSchedules.aspx?fn=%5c%5ctmhp.net%5cFeeSchedule%5cPROD%5cStatic%5cTexas_Medicaid_Fee_Schedule_PRCR460C.pdf
